Date,Close,Volume
2020-01-02,532.5,644972
2020-01-03,546.75,728464
2020-01-06,536.25,627520
2020-01-07,536.5,442268
2020-01-08,524.5,730600
2020-01-09,511.25,692908
2020-01-10,515.5,773312
2020-01-13,497.5,627672
2020-01-14,503.5,929532
2020-01-15,503.25,771636
2020-01-16,489,634756
2020-01-17,481.5,559136
2020-01-21,482.5,492356
2020-01-22,478.75,544912
2020-01-23,474.25,710792
2020-01-24,486.5,984272
2020-01-27,516.5,1173056
2020-01-28,492.75,842020
2020-01-29,490.75,762056
2020-01-30,485.25,1206488
2020-01-31,509,1463560
2020-02-03,486,1231772
2020-02-04,452.75,1404064
2020-02-05,447.5,1110544
2020-02-06,436.5,696224
2020-02-07,442,883948
2020-02-10,426,764268
2020-02-11,426,989592
2020-02-12,413.75,639876
2020-02-13,415.5,839456
2020-02-14,412.25,645568
2020-02-18,411.25,773116
2020-02-19,399.75,641740
2020-02-20,411.25,1238232
2020-02-21,434.75,1532288
2020-02-24,485.25,2804004
2020-02-25,524.25,3546668
2020-02-26,516.75,3010152
2020-02-27,594,4241588
2020-02-28,585,5041752
2020-03-02,501.75,3036680
2020-03-03,552,3464492
2020-03-04,483.25,2559736
2020-03-05,526,2263220
2020-03-06,552.25,3216820
2020-03-09,666.5,2615808
2020-03-10,562.5,2915768
2020-03-11,632,2395380
2020-03-12,806.75,3432560
2020-03-13,578,3850120
2020-03-16,767.25,3380296
2020-03-17,627,4177248
2020-03-18,673.5,3404704
2020-03-19,665,4155220
2020-03-20,733,4163728
2020-03-23,737,4039388
2020-03-24,571,4362904
2020-03-25,579,4215316
2020-03-26,486.75,4478360
2020-03-27,533.75,3315760
2020-03-30,476,3485972
2020-03-31,486.5,3693172
2020-04-01,548.75,3573404
2020-04-02,516.25,4075908
2020-04-03,536.5,3168496
2020-04-06,423.75,3613964
2020-04-07,422.5,4153360
2020-04-08,395.75,3350348
2020-04-09,393.75,3977948
2020-04-13,380.5,2854916
2020-04-14,330.75,3283336
2020-04-15,341.75,2628496
2020-04-16,323.25,3599264
2020-04-17,315.25,2871464
2020-04-20,325.5,2153928
2020-04-21,361.25,3664384
2020-04-22,328.75,2101244
2020-04-23,331.25,2620016
2020-04-24,315,2403828
2020-04-27,308.75,1840928
2020-04-28,325,2613196
2020-04-29,291.5,2723928
2020-04-30,289.5,2236272
2020-05-01,315.5,2588048
2020-05-04,304.25,1756036
2020-05-05,294,2038456
2020-05-06,288.5,2297364
2020-05-07,277.25,2368024
2020-05-08,266,2094940
2020-05-11,259.25,2228116
2020-05-12,274.75,2629396
2020-05-13,285,4383424
2020-05-14,275.5,3194648
2020-05-15,270,2981532
2020-05-18,255,2336180
2020-05-19,257.25,2303968
2020-05-20,241.5,2281460
2020-05-21,249,2649664
2020-05-22,246.75,1749480
2020-05-26,248,2012156
2020-05-27,244.5,3297484
2020-05-28,245.75,2973872
2020-05-29,235.75,3388584
2020-06-01,232.5,1576772
2020-06-02,228.25,2161200
2020-06-03,224.25,1939044
2020-06-04,229.5,2108448
2020-06-05,216,2931988
2020-06-08,210.75,1780952
2020-06-09,206,2235576
2020-06-10,198.25,2952852
2020-06-11,228,4739188
2020-06-12,222.75,5282712
2020-06-15,214.5,3625460
2020-06-16,203.75,3802572
2020-06-17,201.5,2479356
2020-06-18,199.75,1806480
2020-06-19,200,2804620
2020-06-22,193,2217608
2020-06-23,188,3026392
2020-06-24,199,4996796
2020-06-25,193.5,3362236
2020-06-26,207.5,3965080
2020-06-29,201.25,3214720
2020-06-30,189,2836952
2020-07-01,182.25,3364280
2020-07-02,178.5,3063432
2020-07-06,165.5,3552968
2020-07-07,168.75,3798100
2020-07-08,162,3144232
2020-07-09,158,4603680
2020-07-10,154.5,3310508
2020-07-13,164,6749768
2020-07-14,160.5,8366672
2020-07-15,159.5,4218064
2020-07-16,163,3914144
2020-07-17,162.75,2869320
2020-07-20,148.5,3960064
2020-07-21,153,4031884
2020-07-22,151.25,2975200
2020-07-23,163.25,5511680
2020-07-24,168,6776312
2020-07-27,158.75,3280760
2020-07-28,164.75,2784592
2020-07-29,159,2565924
2020-07-30,156.5,4247728
2020-07-31,148.25,4552656
2020-08-03,142.5,3363212
2020-08-04,140.5,2718548
2020-08-05,139.75,2196472
2020-08-06,134,3757660
2020-08-07,138.5,4694900
2020-08-10,140.5,4145872
2020-08-11,148.5,4162524
2020-08-12,137,4248680
2020-08-13,136.25,3976552
2020-08-14,137,2797224
2020-08-17,132,2146160
2020-08-18,128.25,4637880
2020-08-19,130.800003,6552900
2020-08-20,125.300003,6683780
2020-08-21,122.699997,6620720
2020-08-24,120.349998,7445400
2020-08-25,117.550003,5845360
2020-08-26,110,9684840
2020-08-27,111.099998,12690380
2020-08-28,109.25,7181760
2020-08-31,106.75,9774260
2020-09-01,101.199997,9693260
2020-09-02,98.300003,15658900
2020-09-03,113.400002,34570800
2020-09-04,117.900002,41565340
2020-09-08,134.649994,24145080
2020-09-09,123,15148120
2020-09-10,130.050003,20127680
2020-09-11,132.800003,24116280
2020-09-14,126,14411040
2020-09-15,120.5,12759640
2020-09-16,126.400002,14432040
2020-09-17,132.100006,21993920
2020-09-18,137.399994,23646220
2020-09-21,135.550003,22741660
2020-09-22,128.100006,14775680
2020-09-23,140,20021740
2020-09-24,137.850006,25676300
2020-09-25,128.149994,18604520
2020-09-28,120.300003,14719020
2020-09-29,121.849998,10229260
2020-09-30,119.25,16551720
2020-10-01,113.650002,13965660
2020-10-02,123.050003,22061960
2020-10-05,115.300003,9292560
2020-10-06,121.5,17237480
2020-10-07,115.099998,10224880
2020-10-08,113.199997,7645260
2020-10-09,108.099998,8597220
2020-10-12,98.099998,17239840
2020-10-13,98,11601700
2020-10-14,100.449997,14055660
2020-10-15,102.599998,13687740
2020-10-16,104.199997,9812780
2020-10-19,109.25,14530480
2020-10-20,108.449997,14851340
2020-10-21,108.800003,12652140
2020-10-22,108.75,14614740
2020-10-23,108,9747080
2020-10-26,112.900002,16917900
2020-10-27,110.300003,11855680
2020-10-28,123.25,20052560
2020-10-29,116.800003,15367640
2020-10-30,125.150002,25400880
2020-11-02,124.75,17118920
2020-11-03,118.400002,17413700
2020-11-04,102.400002,24011820
2020-11-05,94.5,17656160
2020-11-06,94.150002,18060180
2020-11-09,99.900002,23125460
2020-11-10,105.199997,25873240
2020-11-11,98.199997,13319440
2020-11-12,99.5,14111700
2020-11-13,96.949997,10476420
2020-11-16,94.75,8539920
2020-11-17,95.5,7933640
2020-11-18,97.75,8799740
2020-11-19,95.349998,8305200
2020-11-20,97.349998,6989260
2020-11-23,97.300003,7789280
2020-11-24,93.25,9071640
2020-11-25,91.449997,6931720
2020-11-27,89,4682600
2020-11-30,88.5,10757540
2020-12-01,84.949997,10342920
2020-12-02,84.599998,7912820
2020-12-03,84.25,6927760
2020-12-04,83.199997,6151500
2020-12-07,81.800003,6233640
2020-12-08,81,6801500
2020-12-09,86.449997,16137140
2020-12-10,85.5,12674260
2020-12-11,86,10838680
2020-12-14,84.099998,8453040
2020-12-15,81.5,7647540
2020-12-16,80.150002,7953880
2020-12-17,78.5,6099980
2020-12-18,79.25,9485920
2020-12-21,79.75,13821420
2020-12-22,79.050003,9229580
2020-12-23,80.199997,6518980
2020-12-24,79.150002,3946620
2020-12-28,76.75,7753700
2020-12-29,76.550003,9782840
2020-12-30,76.550003,5639160
2020-12-31,75.900002,7173580
2021-01-04,79.199997,17903060
2021-01-05,77.25,10119320
2021-01-06,80.449997,20570880
2021-01-07,74.449997,12022620
2021-01-08,71.699997,17438240
2021-01-11,74.800003,13487820
2021-01-12,75.099998,11161520
2021-01-13,73.699997,8393100
2021-01-14,74.800003,7090560
2021-01-15,76.599998,12317060
2021-01-19,73.199997,8953380
2021-01-20,68.150002,13114560
2021-01-21,66.400002,9302840
2021-01-22,67,7417020
2021-01-25,65.150002,20294300
2021-01-26,65.050003,9033240
2021-01-27,70.349998,21581220
2021-01-28,69.25,16428540
2021-01-29,73.550003,22239440
2021-02-01,68.050003,16807880
2021-02-02,64.849998,11600680
2021-02-03,65.5,10641920
2021-02-04,63.200001,9418740
2021-02-05,62.549999,9370060
2021-02-08,61.299999,8825300
2021-02-09,61.349998,9396460
2021-02-10,61.75,18920860
2021-02-11,60.75,13923340
2021-02-12,59.799999,9644660
2021-02-16,60.200001,11199000
2021-02-17,61.099998,15997240
2021-02-18,61.900002,17509040
2021-02-19,62.700001,13160960
2021-02-22,67.599998,20619040
2021-02-23,68.150002,38740420
2021-02-24,66.449997,23154100
2021-02-25,73.5,37987020
2021-02-26,72.400002,43301440
2021-03-01,65.949997,19140960
2021-03-02,69.099998,15368180
2021-03-03,75.099998,32869620
2021-03-04,78.800003,64767940
2021-03-05,75.199997,60667600
2021-03-08,81.599998,36940800
2021-03-09,71.949997,31731120
2021-03-10,72.5,26579180
2021-03-11,67.449997,22396480
2021-03-12,69.099998,19646680
2021-03-15,66.900002,12479900
2021-03-16,65.800003,18581880
2021-03-17,65,23925640
2021-03-18,70.949997,20265640
2021-03-19,70.050003,23904440
2021-03-22,66.25,16568440
2021-03-23,67.150002,20291000
2021-03-24,70.5,18830160
2021-03-25,70.849998,27874000
2021-03-26,67.650002,21701540
2021-03-29,67.75,18775320
2021-03-30,68.75,13000580
2021-03-31,65.599998,16130900
2021-04-01,62.200001,14595200
2021-04-05,58.549999,13870520
2021-04-06,58.700001,11199240
2021-04-07,58.200001,11015720
2021-04-08,56.349998,10518960
2021-04-09,55.349998,14735440
2021-04-12,55.599998,9694360
2021-04-13,53.599998,11665580
2021-04-14,55.549999,13534980
2021-04-15,52.950001,15144800
2021-04-16,52.799999,9999000
2021-04-19,54.299999,15976580
2021-04-20,55.450001,14388720
2021-04-21,54,12755760
2021-04-22,55.950001,21620320
2021-04-23,53.849998,12163800
2021-04-26,52.75,12424380
2021-04-27,53.450001,12127140
2021-04-28,54.049999,9125660
2021-04-29,53.400002,13361200
2021-04-30,54.450001,10789460
2021-05-03,55.299999,9085200
2021-05-04,58.299999,25895260
2021-05-05,58.900002,12402660
2021-05-06,57.599998,16156360
2021-05-07,56.150002,15156460
2021-05-10,60.400002,13553620
2021-05-11,60.599998,25926180
2021-05-12,65.300003,32373880
2021-05-13,63.849998,23489680
2021-05-14,59.650002,17475000
2021-05-17,60.700001,13796160
2021-05-18,61.900002,11664740
2021-05-19,61.700001,22252800
2021-05-20,58.099998,16644260
2021-05-21,59.049999,12104340
2021-05-24,56.049999,11469800
2021-05-25,55.799999,11015680
2021-05-26,55.25,8795760
2021-05-27,55.900002,8863020
2021-05-28,55.349998,8992740
2021-06-01,55.900002,11836420
2021-06-02,55.599998,9997620
2021-06-03,57.349998,12706100
2021-06-04,54.349998,15739420
2021-06-07,53.900002,10314660
2021-06-08,53.849998,13099440
2021-06-09,53.75,8356560
2021-06-10,52.049999,19425620
2021-06-11,51.650002,7880380
2021-06-14,50.200001,9339260
2021-06-15,51.150002,11309840
2021-06-16,51.75,20311660
2021-06-17,49.75,20564840
2021-06-18,50.900002,16313680
2021-06-21,50,12220180
2021-06-22,48.599998,14781900
2021-06-23,48.5,10440940
2021-06-24,47.599998,14074380
2021-06-25,47.700001,11837780
2021-06-28,46,11980540
2021-06-29,45.5,10344020
2021-06-30,45.700001,9047780
2021-07-01,45.700001,9366860
2021-07-02,44.099998,11317020
2021-07-06,43.599998,18806000
2021-07-07,43.25,19893780
2021-07-08,44.049999,22051840
2021-07-09,43.200001,12903920
2021-07-12,42.75,10474120
2021-07-13,42.75,20806860
2021-07-14,42.5,19415640
2021-07-15,43.349998,22522100
2021-07-16,44.400002,16523600
2021-07-19,45.5,26722740
2021-07-20,43.950001,18492620
2021-07-21,42.900002,11378540
2021-07-22,42,12374460
2021-07-23,40.599998,17166880
2021-07-26,40.5,11763100
2021-07-27,41.799999,25171220
2021-07-28,41.299999,20900140
2021-07-29,41.049999,12881120
2021-07-30,41.700001,16011720
2021-08-02,41.700001,14403440
2021-08-03,40.950001,16433640
2021-08-04,40.75,13964140
2021-08-05,40,10873200
2021-08-06,40.5,13455020
2021-08-09,40.349998,13308200
2021-08-10,40.950001,15646460
2021-08-11,41.099998,15650640
2021-08-12,40.650002,11436640
2021-08-13,40.25,9183020
2021-08-16,40.200001,18359320
2021-08-17,41.299999,29069600
2021-08-18,42.5,23274980
2021-08-19,41.799999,26349080
2021-08-20,40.5,18040680
2021-08-23,38.700001,18303620
2021-08-24,38.349998,12097600
2021-08-25,38.299999,12416680
2021-08-26,38.950001,19276620
2021-08-27,37.849998,14820580
2021-08-30,36.5,16148760
2021-08-31,36.599998,15608560
2021-09-01,36.450001,15694540
2021-09-02,36.549999,17130300
2021-09-03,36.150002,14257380
2021-09-07,35.950001,13098800
2021-09-08,36.400002,17511000
2021-09-09,36.75,18187780
2021-09-10,37.650002,19451040
2021-09-13,37.700001,27046660
2021-09-14,38,22410400
2021-09-15,37.099998,17835760
2021-09-16,37.099998,16620040
2021-09-17,38.400002,23236180
2021-09-20,40.75,31928620
2021-09-21,40.650002,23306720
2021-09-22,39.450001,22317280
2021-09-23,38.349998,17094560
2021-09-24,38.200001,14512820
2021-09-27,39.150002,16286900
2021-09-28,42.450001,32067800
2021-09-29,42.700001,24710700
2021-09-30,43.150002,27569980
2021-10-01,42.349998,22821740
2021-10-04,45,27331040
2021-10-05,43.150002,23426780
2021-10-06,42.349998,29171480
2021-10-07,41.150002,20801860
2021-10-08,41.849998,17889540
2021-10-11,42.75,20881060
2021-10-12,43.150002,21187600
2021-10-13,42.150002,17903160
2021-10-14,39.799999,18135480
2021-10-15,39.049999,12499800
2021-10-18,37.849998,14886400
2021-10-19,37.099998,14069620
2021-10-20,37.150002,14840900
2021-10-21,36.5,13353480
2021-10-22,37.400002,18613840
2021-10-25,36.25,16545600
2021-10-26,35.950001,26144640
2021-10-27,35.650002,22676240
2021-10-28,34.5,19751400
2021-10-29,33.950001,20445160
2021-11-01,33.650002,18452420
2021-11-02,33.150002,15720560
2021-11-03,32.099998,24108720
2021-11-04,30.950001,29744280
2021-11-05,30.85,29734660
2021-11-08,30.950001,20147940
2021-11-09,31.549999,32200500
2021-11-10,33,40697560
2021-11-11,32.650002,19150060
2021-11-12,31.6,23090920
2021-11-15,31.65,25391440
2021-11-16,30.950001,18744800
2021-11-17,30.950001,18893140
2021-11-18,29.950001,28468960
2021-11-19,29.450001,24611960
2021-11-22,30.549999,31609760
2021-11-23,30.950001,41171100
2021-11-24,30.6,28824500
2021-11-26,32.299999,29252500
2021-11-29,30.25,29241420
2021-11-30,31.549999,38594520
2021-12-01,33.25,41415140
2021-12-02,32.450001,49500560
2021-12-03,34.099998,51272520
2021-12-06,33.299999,35097340
2021-12-07,30.25,39291380
2021-12-08,29.9,33606140
2021-12-09,31.15,39501420
2021-12-10,30.15,38785620
2021-12-13,31.5,32230120
2021-12-14,32.450001,36644500
2021-12-15,30.299999,48257400
2021-12-16,32.5,45651560
2021-12-17,33,41172880
2021-12-20,34,38089880
2021-12-21,31.700001,32029380
2021-12-22,30.6,26145280
2021-12-23,29.9,23992620
2021-12-27,28.450001,20346000
2021-12-28,28.75,25022360
2021-12-29,28.799999,25201460
2021-12-30,29.049999,15244660
2021-12-31,29.700001,18661100
2022-01-03,28.700001,26543320
2022-01-04,29.85,37784700
2022-01-05,32.650002,47123580
2022-01-06,32.700001,42441520
2022-01-07,33.700001,45460320
2022-01-10,33.549999,54391020
2022-01-11,32.150002,49526740
2022-01-12,31.700001,46802620
2022-01-13,34.060001,61575300
2022-01-14,33.5,63260600
2022-01-18,35.900002,57141200
2022-01-19,37.150002,53574300
2022-01-20,38.610001,62269100
2022-01-21,41.790001,92219600
2022-01-24,41.27,125056600
2022-01-25,44.080002,93102000
2022-01-26,44.150002,103445200
2022-01-27,45.599998,81043500
2022-01-28,41.32,80395100
2022-01-31,37.380001,66235200
2022-02-01,36.580002,57520200
2022-02-02,35.709999,77874200
2022-02-03,39.959999,77371600
2022-02-04,38.549999,78288600
2022-02-07,39.360001,55223300
2022-02-08,38.080002,68665200
2022-02-09,35.66,63969800
2022-02-10,38.029999,122311700
2022-02-11,41.619999,117986400
2022-02-14,41.52,110240100
2022-02-15,38.450001,81431800
2022-02-16,38.48,80272500
2022-02-17,41.889999,78147400
2022-02-18,43.290001,117893400
2022-02-22,44.599998,112824300
2022-02-23,48.009998,105118500
2022-02-24,43.32,148350500
2022-02-25,41.169998,85345700
2022-02-28,40.73,112716700
2022-03-01,42.650002,113057500
2022-03-02,40.580002,81972200
2022-03-03,42.27,89501400
2022-03-04,44.110001,96438400
2022-03-07,49.009998,101086600
2022-03-08,49.669998,132516200
2022-03-09,44.360001,88420700
2022-03-10,45.77,80071000
2022-03-11,48.540001,74227300
2022-03-14,51.389999,82609100
2022-03-15,46.639999,90186400
2022-03-16,41.380001,114095200
2022-03-17,39.919998,73438700
2022-03-18,37.490002,99293100
2022-03-21,37.740002,103676800
2022-03-22,35.529999,85809900
2022-03-23,37.029999,100273700
2022-03-24,34.59,82548600
2022-03-25,34.650002,96614300
2022-03-28,33.060001,79927900
2022-03-29,31.370001,88274800
2022-03-30,32.32,87468800
2022-03-31,33.669998,85437900
2022-04-01,33.779999,90230100
2022-04-04,31.709999,57950800
2022-04-05,33.77,80040400
2022-04-06,35.98,122475800
2022-04-07,35.740002,102513500
2022-04-08,37.200001,86242100
2022-04-11,39.84,84370600
2022-04-12,40.389999,110349200
2022-04-13,37.959999,79275700
2022-04-14,40.540001,81346000
2022-04-18,40.380001,87720900
2022-04-19,37.77,74698700
2022-04-20,39.439999,89420400
2022-04-21,41.799999,115767300
2022-04-22,45.139999,123520900
2022-04-25,43.380001,135532900
2022-04-26,48.200001,126930400
2022-04-27,48.459999,145748500
2022-04-28,43.349998,143093500
2022-04-29,49.029999,125386700
2022-05-02,46.639999,160719500
2022-05-03,46.529999,119154300
2022-05-04,41.790001,164507800
2022-05-05,47.950001,175236700
2022-05-06,49.810001,200645100
2022-05-09,55.610001,165115800
2022-05-10,53.650002,188946300
2022-05-11,58.43,174538300
2022-05-12,58.759998,175686300
2022-05-13,52.439999,126441200
2022-05-16,54.049999,110100300
2022-05-17,49.950001,119601400
2022-05-18,57.209999,130385400
2022-05-19,58.259998,160100000
2022-05-20,58.73,171717700
2022-05-23,55.810001,110904800
2022-05-24,59.34,138480300
2022-05-25,56.900002,109383100
2022-05-26,52.16,99084900
2022-05-27,47.009998,97902900
2022-05-31,47.310001,122783200
2022-06-01,48.5,125293600
2022-06-02,44.5,110786800
2022-06-03,47.959999,124860200
2022-06-06,47.450001,99605400
2022-06-07,46.25,96093900
2022-06-08,47.200001,76082800
2022-06-09,51.029999,111875400
2022-06-10,56.52,138826600
2022-06-13,64.209999,155730000
2022-06-14,63.830002,120578700
2022-06-15,59.169998,142022600
2022-06-16,66.089996,130106000
2022-06-17,63.959999,122881600
2022-06-21,59.18,81902800
2022-06-22,59.389999,101489000
2022-06-23,56.849998,100782900
2022-06-24,51.009998,86700900
2022-06-27,52,84310800
2022-06-28,56.77,117353400
2022-06-29,56.650002,111875200
2022-06-30,58.84,140931900
2022-07-01,57.619999,105186100
2022-07-05,54.66,112291900
2022-07-06,53.650002,91858400
2022-07-07,50.279999,79036400
2022-07-08,50.040001,101786400
2022-07-11,53.240002,88960400
2022-07-12,54.779999,103216600
2022-07-13,55.119999,137095000
2022-07-14,54.529999,114668500
2022-07-15,51.639999,99413200
2022-07-18,52.889999,110211500
2022-07-19,48.150002,101230700
2022-07-20,45.759998,119160600
2022-07-21,43.799999,119480400
2022-07-22,46.080002,121407500
2022-07-25,46.830002,94542100
2022-07-26,49.619999,91591000
2022-07-27,43.470001,129089900
2022-07-28,42.130001,112565100
2022-07-29,39.830002,118319300
2022-08-01,39.889999,125391800
2022-08-02,40.279999,143998200
2022-08-03,37.060001,124328800
2022-08-04,36.5,118869400
2022-08-05,37.380001,136673400
2022-08-08,37.75,120920100
2022-08-09,39.02,110898900
2022-08-10,35.830002,108960700
2022-08-11,36.34,123480100
2022-08-12,34.290001,90520200
2022-08-15,33.450001,88926600
2022-08-16,33.689999,108929700
2022-08-17,34.880001,127273300
2022-08-18,34.639999,90234200
2022-08-19,36.66,107340500
2022-08-22,39.540001,105490700
2022-08-23,39.68,103893500
2022-08-24,39.34,80403000
2022-08-25,37.299999,86610300
2022-08-26,41.860001,166378500
2022-08-29,43.119999,133071000
2022-08-30,44.529999,155960200
2022-08-31,45.389999,135657700
2022-09-01,45.32,166970000
2022-09-02,47.23,177677400
2022-09-06,48.290001,147168100
2022-09-07,45.419998,122115100
2022-09-08,44.689999,151807400
2022-09-09,41.84,135954500
2022-09-12,40.310001,119586400
2022-09-13,46.959999,180723900
2022-09-14,45.84,145586500
2022-09-15,48.139999,166258500
2022-09-16,49.119999,176984200
2022-09-19,47.919998,121245600
2022-09-20,49.080002,119153500
2022-09-21,51.779999,180706000
2022-09-22,53.68,151907900
2022-09-23,56.259998,173780700
2022-09-26,56.970001,163155400
2022-09-27,56.93,150329200
2022-09-28,53.68,135373000
2022-09-29,58.150002,161040500
2022-09-30,61.32,159115700
2022-10-03,56.970001,126306100
2022-10-04,51.66,137960700
2022-10-05,51.610001,138424200
2022-10-06,52.970001,134207100
2022-10-07,59.07,155355400
2022-10-10,60.93,141755800
2022-10-11,63.200001,157347100
2022-10-12,63.349998,128608100
2022-10-13,59.110001,225667800
2022-10-14,64.379997,169766500
2022-10-17,58,140391500
2022-10-18,56.59,165182200
2022-10-19,57.16,144625400
2022-10-20,58.189999,146161900
2022-10-21,54.080002,166360300
2022-10-24,52.240002,146097500
2022-10-25,49.110001,120883500
2022-10-26,52.32,161657800
2022-10-27,55.200001,136961600
2022-10-28,50.18,147364100
2022-10-31,51.900002,115468100
2022-11-01,53.490002,118816500
2022-11-02,59.040001,192640900
2022-11-03,62.450001,139440200
2022-11-04,59.549999,173145300
2022-11-07,57.66,97900700
2022-11-08,56.400002,124572300
2022-11-09,60.369999,123050800
2022-11-10,47.080002,181317400
2022-11-11,44.369999,139910300
2022-11-14,45.52,126849800
2022-11-15,43.669998,186506000
2022-11-16,45.450001,129948700
2022-11-17,45.790001,132851800
2022-11-18,45.830002,111228200
2022-11-21,47.240002,98061300
2022-11-22,45.32,80033700
2022-11-23,43.939999,99917300
2022-11-25,44.830002,37295200
2022-11-28,46.830002,84858800
2022-11-29,47.919998,93854000
2022-11-30,41.380001,150799900
2022-12-01,41.25,93316600
2022-12-02,41.790001,120899600
2022-12-05,43.849998,95946400
2022-12-06,46.580002,108083200
2022-12-07,47.240002,132229200
2022-12-08,45.599998,111469400
2022-12-09,46.490002,123629800
2022-12-12,44.77,89012400
2022-12-13,43.34,179555300
2022-12-14,44.43,157128300
2022-12-15,48.779999,133146900
2022-12-16,50.240002,118182400
2022-12-19,52.310001,101025700
2022-12-20,52.529999,97685400
2022-12-21,50.299999,93821800
2022-12-22,53.75,114983100
2022-12-23,53.5,109199700
2022-12-27,55.810001,91514400
2022-12-28,58.07,105113800
2022-12-29,53.860001,82796600
2022-12-30,54.009998,85882000
2023-01-03,55.150002,85686700
2023-01-04,54.41,117810800
2023-01-05,56.93,101329800
2023-01-06,52.400002,127988100
2023-01-09,51.279999,103641900
2023-01-10,50.029999,97051800
2023-01-11,47.459999,86712600
2023-01-12,46.740002,160898100
2023-01-13,45.810001,99362100
2023-01-17,45.619999,84619500
2023-01-18,47.34,122786600
2023-01-19,48.82,112122600
2023-01-20,44.790001,108542400
2023-01-23,41.84,120536200
2023-01-24,42.130001,95815200
2023-01-25,42.419998,136037700
2023-01-26,39.990002,122488500
2023-01-27,38.849998,126202300
2023-01-30,41.200001,120176600
2023-01-31,39.360001,99105900
2023-02-01,36.84,193695800
2023-02-02,33.009998,216341700
2023-02-03,34.669998,212508000
2023-02-06,35.580002,127530300
2023-02-07,33.380001,194985900
2023-02-08,35.16,144684500
2023-02-09,36.130001,154771500
2023-02-10,36.869999,159423400
2023-02-13,35.099998,108770300
2023-02-14,34.360001,206435900
2023-02-15,33.580002,121267700
2023-02-16,35.5,159103600
2023-02-17,36.290001,150171800
2023-02-21,38.869999,125526500
2023-02-22,38.84,141230800
2023-02-23,37.849998,135550700
2023-02-24,39.790001,155501800
2023-02-27,38.93,111308100
2023-02-28,39.130001,109085300
2023-03-01,40.07,135461100
2023-03-02,39.130001,125854500
2023-03-03,36.73,110212000
2023-03-06,36.599998,116894800
2023-03-07,37.959999,158288800
2023-03-08,37.41,132612800
2023-03-09,39.450001,162918200
2023-03-10,41.080002,271059600
2023-03-13,40.189999,252210300
2023-03-14,37.459999,175521500
2023-03-15,36.93,217763300
2023-03-16,34.02,173941800
2023-03-17,34.490002,165131700
2023-03-20,34.169998,116397500
2023-03-21,32.740002,105263800
2023-03-22,33.860001,179685100
2023-03-23,32.689999,189868000
2023-03-24,32.34,148393000
2023-03-27,33.009998,109630600
2023-03-28,33.549999,110031400
2023-03-29,31.76,120130400
2023-03-30,30.879999,115341700
2023-03-31,29.360001,139825300
2023-04-03,29.559999,111048100
2023-04-04,29.870001,112455500
2023-04-05,30.84,118595400
2023-04-06,30.209999,115603800
2023-04-10,30.290001,87939200
2023-04-11,30.879999,88190700
2023-04-12,31.690001,145613800
2023-04-13,29.9,123564400
2023-04-14,30.07,141603500
2023-04-17,30.030001,96704900
2023-04-18,30.02,91441100
2023-04-19,30.07,101929300
2023-04-20,30.809999,141682000
2023-04-21,30.73,116245300
2023-04-24,30.93,108891300
2023-04-25,32.689999,131087200
2023-04-26,32.150002,131519900
2023-04-27,29.559999,141981500
2023-04-28,28.959999,138313000
2023-05-01,29.049999,90197700
2023-05-02,29.809999,137558700
2023-05-03,30.42,152635300
2023-05-04,30.780001,139372100
2023-05-05,28.84,111473900
2023-05-08,28.639999,76305500
2023-05-09,29.200001,71202900
2023-05-10,28.27,138867600
2023-05-11,28.040001,109886700
2023-05-12,28.34,101330400
2023-05-15,27.9,86746500
2023-05-16,27.809999,99723500
2023-05-17,26.809999,112424400
2023-05-18,25.379999,146357900
2023-05-19,25.559999,115433600
2023-05-22,25.299999,79910700
2023-05-23,26.27,111438900
2023-05-24,26.67,130940900
2023-05-25,24.799999,148978800
2023-05-26,22.91,164323500
2023-05-30,22.59,138132800
2023-05-31,23.059999,128934200
2023-06-01,22.219999,117700000
2023-06-02,21.74,118235100
2023-06-05,21.700001,124014000
2023-06-06,21.719999,93403300
2023-06-07,22.84,140847400
2023-06-08,22.049999,106802000
2023-06-09,21.790001,118157900
2023-06-12,20.690001,104070400
2023-06-13,20.219999,141333900
2023-06-14,19.780001,164829700
2023-06-15,19.129999,167106400
2023-06-16,19.49,127019300
2023-06-20,19.57,111336300
2023-06-21,20.09,125058700
2023-06-22,19.42,118944600
2023-06-23,20.02,125436100
2023-06-26,20.809999,109697100
2023-06-27,19.780001,118443400
2023-06-28,19.65,132252200
2023-06-29,19.799999,113976700
2023-06-30,18.91,120521700
2023-07-03,18.790001,42406900
2023-07-05,18.790001,87650700
2023-07-06,19.24,104884200
2023-07-07,19.450001,97080000
2023-07-10,19.43,96273900
2023-07-11,19.16,88670600
2023-07-12,18.440001,132918600
2023-07-13,17.540001,115897400
2023-07-14,17.549999,120514100
2023-07-17,17.08,85791400
2023-07-18,16.66,118984000
2023-07-19,16.66,119871100
2023-07-20,17.85,147420800
2023-07-21,18.030001,132395600
2023-07-24,17.940001,83615700
2023-07-25,17.58,83716600
2023-07-26,17.76,122138500
2023-07-27,17.93,165865400
2023-07-28,16.959999,156253500
2023-07-31,16.91,86194600
2023-08-01,17.059999,106172200
2023-08-02,18.18,175746300
2023-08-03,18.32,140034700
2023-08-04,18.57,160401300
2023-08-07,18.110001,108149600
2023-08-08,18.59,119850100
2023-08-09,19.200001,142522000
2023-08-10,19.129999,177504300
2023-08-11,19.51,134098300
2023-08-14,18.860001,133432300
2023-08-15,19.459999,116795000
2023-08-16,20.1,136794100
2023-08-17,20.780001,146341200
2023-08-18,20.879999,164105300
2023-08-21,19.870001,134094100
2023-08-22,19.98,119780400
2023-08-23,19.030001,132372800
2023-08-24,20.309999,152466100
2023-08-25,19.82,214022800
2023-08-28,19.379999,110653600
2023-08-29,18.139999,136765400
2023-08-30,17.83,119360800
2023-08-31,17.709999,103774700
2023-09-01,17.77,113216300
2023-09-05,17.719999,88772400
2023-09-06,18.18,121062400
2023-09-07,18.610001,118466700
2023-09-08,18.540001,98975300
2023-09-11,17.889999,96232900
2023-09-12,18.49,95691700
2023-09-13,18.299999,120777500
2023-09-14,17.879999,122032700
2023-09-15,18.82,123359600
2023-09-18,18.75,88867200
2023-09-19,18.889999,107198200
2023-09-20,19.360001,117823900
2023-09-21,20.48,141866500
2023-09-22,20.469999,133885700
2023-09-25,20.18,114909900
2023-09-26,21.1,119336500
2023-09-27,20.950001,153105900
2023-09-28,20.48,141524400
2023-09-29,20.440001,162522400
2023-10-02,19.950001,127203900
2023-10-03,21.01,136832300
2023-10-04,20.17,148941600
2023-10-05,20.370001,120304500
2023-10-06,19.360001,180577400
2023-10-09,19.059999,113964000
2023-10-10,18.76,115885300
2023-10-11,18.370001,118444000
2023-10-12,18.59,148990000
2023-10-13,19.299999,158493700
2023-10-16,18.639999,110315300
2023-10-17,18.83,138155000
2023-10-18,19.610001,144995100
2023-10-19,20.16,199049800
2023-10-20,21.08,161624600
2023-10-23,20.9,160650300
2023-10-24,20.309999,129588900
2023-10-25,21.799999,149751600
2023-10-26,23.09,189869400
2023-10-27,22.75,184181100
2023-10-30,22.030001,140844900
2023-10-31,21.700001,117189300
2023-11-01,20.57,153221200
2023-11-02,19.5,128955100
2023-11-03,18.82,142282700
2023-11-06,18.610001,102028200
2023-11-07,18.1,127790400
2023-11-08,18.059999,117816600
2023-11-09,18.51,169294000
2023-11-10,17.280001,157156400
2023-11-13,17.440001,105708800
2023-11-14,16.34,153760200
2023-11-15,16.299999,146825700
2023-11-16,16.27,128060300